alignment_position,residue,conservation
1,M,1.0
2,E,1.0
3,R,1.0
4,G,1.0
5,E,1.0
6,G,1.0
7,R,1.0
8,R,1.0
9,G,1.0
11,C,1.0
20,T,1.0
21,R,1.0
31,A,1.0
32,E,1.0
33,T,1.0
34,I,1.0
35,K,1.0
37,W,1.0
51,P,0.8
52,K,1.0
53,R,0.8
54,P,1.0
55,A,1.0
56,G,0.8
57,R,0.8
58,S,1.0
59,K,1.0
60,K,1.0
61,G,1.0
62,C,1.0
63,M,1.0
64,A,1.0
65,G,1.0
66,T,0.8
67,K,0.8
68,F,0.8
70,E,1.0
71,T,0.8
72,R,0.8
73,H,0.8
75,V,0.8
77,R,1.0
78,G,1.0
79,V,1.0
80,R,1.0
82,R,1.0
83,G,1.0
84,G,1.0
85,R,1.0
86,P,1.0
87,G,1.0
89,A,0.8
90,G,1.0
91,R,0.8
92,W,1.0
93,V,1.0
94,C,0.8
95,E,0.8
96,V,0.8
97,R,1.0
99,P,1.0
102,R,1.0
103,G,0.8
105,R,1.0
107,W,1.0
108,L,0.8
109,G,1.0
110,T,0.8
111,F,0.8
113,T,1.0
114,A,1.0
115,E,0.8
117,A,0.8
118,A,1.0
119,R,0.8
120,A,0.8
121,H,0.8
122,D,1.0
124,A,1.0
126,L,0.8
127,A,1.0
130,A,1.0
131,G,1.0
132,G,1.0
133,G,1.0
134,G,1.0
135,G,1.0
136,G,1.0
139,A,0.8
141,L,0.8
142,N,1.0
143,F,1.0
144,A,1.0
145,D,1.0
146,S,0.8
147,A,0.8
155,T,1.0
156,S,1.0
157,A,1.0
158,P,1.0
170,R,0.8
178,E,0.8
188,P,1.0
189,A,1.0
190,P,1.0
191,G,1.0
192,R,1.0
193,G,1.0
194,S,1.0
195,T,1.0
196,A,1.0
197,T,1.0
205,A,1.0
212,S,0.8
214,P,1.0
232,W,1.0
239,P,0.8
243,D,1.0
250,N,1.0
251,G,1.0
252,L,1.0
253,K,1.0
254,R,1.0
258,E,1.0
259,R,1.0
260,K,1.0
261,N,1.0
262,M,1.0
263,E,1.0
264,V,1.0
265,C,1.0
266,E,1.0
267,S,1.0
268,E,1.0
269,G,1.0
270,I,1.0
271,V,1.0
272,L,1.0
273,H,1.0
274,K,1.0
285,M,0.8
308,L,1.0
314,K,1.0
317,V,1.0
330,L,0.8
331,W,0.8
332,S,0.8
333,Y,0.8
